{"cameraMode":{"drawMode":0,"name":"Shaded","section":"Shading Mode"},"sceneLighting":true,"audioPlay":false,"sceneViewState":{"showFog":true,"showMaterialUpdate":false,"showSkybox":true,"showFlares":true,"showImageEffects":true,"showParticleSystems":true},"in2DMode":false,"pivot":{"x":-18.340927124023439,"y":-48.30583572387695,"z":212.39854431152345},"rotation":{"x":-0.10602536797523499,"y":0.039672333747148517,"z":-0.004230141639709473,"w":-0.9935626983642578},"size":236.8964385986328,"orthographic":false}