{"cameraMode":{"drawMode":0,"name":"Shaded","section":"Shading Mode"},"sceneLighting":false,"audioPlay":false,"sceneViewState":{"showFog":true,"showMaterialUpdate":false,"showSkybox":true,"showFlares":true,"showImageEffects":true,"showParticleSystems":true},"in2DMode":false,"pivot":{"x":925.9014892578125,"y":77.429931640625,"z":-431.56890869140627},"rotation":{"x":0.0240582674741745,"y":0.9039084315299988,"z":0.05129637569189072,"w":-0.42395687103271487},"size":687.921875,"orthographic":false}